trainer_id,name,email,phone,experience
1,John Doe,john.doe@example.com,555-1234,5
2,Jane Smith,jane.smith@example.com,555-5678,8
3,Michael Johnson,michael.j@example.com,555-9012,3
4,Emily Davis,emily.davis@example.com,555-3456,6
5,David Wilson,david.wilson@example.com,555-7890,10
6,Sophia Martinez,sophia.martinez@example.com,555-2345,4
7,James Brown,james.brown@example.com,555-6789,7
8,Olivia Garcia,olivia.garcia@example.com,555-0123,2
9,William Lee,william.lee@example.com,555-4567,9
10,Ava Taylor,ava.taylor@example.com,555-8901,5